	sequence_id	cdr1_aa	cdr2_aa
0	TRAV1-1*01	TSGFYG	NALDGL
1	TRAV1-1*02	TSGFYG	NGLDGL
2	TRAV1-2*01	TSGFNG	NVLDGL
3	TRAV10*01	VSPFSN	MTFSENT
4	TRAV11*01	ERTLFN	IQSSQKE
5	TRAV12-1*01	NSASQS	VYSSGN
6	TRAV12-1*02	NSASQS	VYSSGN
7	TRAV12-2*01	DRGSQS	IYSNGD
8	TRAV12-2*02	DRGSQS	IYSNGD
9	TRAV12-3*01	NSAFQY	TYSSGN
10	TRAV12-3*02	NSAFQY	TYSSGN
11	TRAV13-1*01	DSASNY	IRSNVGE
12	TRAV13-1*02	DSASNY	IRSNVGE
13	TRAV13-2*01	NSASDY	IRSNMDK
14	TRAV13-2*02	NSASDY	IRSNMDK
15	TRAV14/DV4*01	TSDPSYG	QGSYDQQN
16	TRAV14/DV4*02	TSDQSYG	QGSYDEQN
17	TRAV14/DV4*03	TSDPSYG	QGSYDQQN
18	TRAV16*01	YSGSPE	HISR
19	TRAV17*01	TSINN	IRSNERE
20	TRAV18*01	SSYSTF	SSENQE
21	TRAV19*01	TRDTTYY	RNSFDEQN
22	TRAV2*01	VSNAYN	GSKP
23	TRAV2*02	VSNAYN	GSKP
24	TRAV20*01	VSGLRG	LYSAGEE
25	TRAV20*02	VSGLRG	LYSAGEE
26	TRAV20*03	VSGLRG	LYSAGEE
27	TRAV20*04	VSGLRG	LYSAGEE
28	TRAV21*01	DSAIYN	IQSSQRE
29	TRAV22*01	DSVNN	IPSGT
30	TRAV23/DV6*01	NTAFDY	IRPDVSE
31	TRAV23/DV6*02	NTAFDY	IRPDVSE
32	TRAV23/DV6*03	NTAFDY	IRPDVSE
33	TRAV24*01	SSNFYA	MTLNGDE
34	TRAV24*02	SSNFYA	MTLNGDE
35	TRAV25*01	TTLSN	LVKSGEV
36	TRAV26-1*01	TISGNEY	GLKNN
37	TRAV26-1*02	TISGNEY	GLKNN
38	TRAV26-1*03	TISGNEY	GLKNN
39	TRAV26-2*01	TISGTDY	GLTSN
40	TRAV27*01	SVFSS	VVTGGEV
41	TRAV27*02	SVFSS	VVTGGEV
42	TRAV27*03	SVFSS	VVTGGEV
43	TRAV29/DV5*01	NSMFDY	ISSIKDK
44	TRAV29/DV5*02	NSMFDY	ISSIKDK
45	TRAV3*01	VSGNPY	YITGDNLV
46	TRAV30*01	KALYS	LLKGGEQ
47	TRAV34*01	KTLYG	LQKGGEE
48	TRAV35*01	SIFNT	LYKAGEL
49	TRAV35*02	SIFNT	LYKAGEL
50	TRAV36/DV7*01	VTNFRS	LTSSGIE
51	TRAV36/DV7*02	MTNFRS	LTSSGIE
52	TRAV36/DV7*03	VTNFRS	LTSSGIE
53	TRAV36/DV7*04	VTNFRS	LTSSGIE
54	TRAV38-1*01	TSENNYY	QEAYKQQN
55	TRAV38-1*02	TSENDYY	QEAYKQQN
56	TRAV38-1*03	TSESNYY	QEAYKQQN
57	TRAV38-1*04	TSENNYY	QEAYKQQN
58	TRAV38-2/DV8*01	TSESDYY	QEAYKQQN
59	TRAV39*01	TTSDR	LLSNGAV
60	TRAV4*01	NIATNDY	GYKTK
61	TRAV40*01	STGYPT	ETME
62	TRAV41*01	VGISA	LSSGK
63	TRAV5*01	DSSSTY	IFSNMDM
64	TRAV6*01	NYSPAY	IRENEKE
65	TRAV6*02	NYSPAY	IRENEKE
66	TRAV7*01	VSRFNN	MYSAGYE
67	TRAV8-1*01	YGGTVN	YFSGDPLV
68	TRAV8-2*01	SSYSPS	YTSAATLV
69	TRAV8-2*02	SSYSPS	YTSAATLV
70	TRAV8-3*01	YGATPY	YFSGDTLV
71	TRAV8-3*02	YGATPY	YFSGDTLV
72	TRAV8-3*03	YGATPY	YFSGDTLV
73	TRAV8-4*01	SSVPPY	YTSAATLV
74	TRAV8-4*02	SSVPPY	YTSAATLV
75	TRAV8-4*03	SSVPPY	YTTGATLV
76	TRAV8-4*04	SSVPPY	YTSAATLV
77	TRAV8-4*05	SSVPPY	YTSAATLV
78	TRAV8-6*01	SSVSVY	YLSGSTLV
79	TRAV8-6*02	SSVSVY	YLSGSTLV
80	TRAV8-7*01	YSGVPS	DLTEATQV
81	TRAV9-1*01	TTQYPS	AMKANDK
82	TRAV9-2*01	ATGYPS	ATKADDK
83	TRAV9-2*02	ATGYPS	ATKADDK
84	TRAV9-2*03	ATGYPS	ATKADDK
85	TRAV9-2*04	ATGYPS	ATKADDK
86	TRBV10-1*01	WNHNN	SYGVQD
87	TRBV10-1*02	WNHNN	SYGVHD
88	TRBV10-2*01	WSHSY	SAAADI
89	TRBV10-3*01	ENHRY	SYGVKD
90	TRBV10-3*02	ENHRY	SYGVKD
91	TRBV10-3*03	ENHRY	SYGVKD
92	TRBV10-3*04	ENHRY	SYGVKD
93	TRBV11-1*01	SGHAT	FQDESV
94	TRBV11-2*01	SGHAT	FQNNGV
95	TRBV11-2*02	SGHAT	FQNNGV
96	TRBV11-2*03	SGHAT	FQNNGV
97	TRBV11-3*01	SGHNT	YENEEA
98	TRBV11-3*02	SGHNT	YENEEA
99	TRBV12-3*01	SGHNS	FNNNVP
100	TRBV12-4*01	SGHDY	FNNNVP
101	TRBV12-4*02	SGHDY	FNNNVP
102	TRBV12-5*01	LGHNT	FRNRAP
103	TRBV13*01	PRHDT	FYEKMQ
104	TRBV13*02	PRHDT	FYEKMQ
105	TRBV14*01	SGHDN	FVKESK
106	TRBV14*02	SGHDN	FVKESK
107	TRBV15*01	LNHNV	YYDKDF
108	TRBV15*02	LNHNV	YYDKDF
109	TRBV15*03	LNHNV	YYNKDF
110	TRBV16*01	KGHSY	FQNENV
111	TRBV16*03	KGHSY	FQNENV
112	TRBV17*01	SGHMF	FQYQNI
113	TRBV18*01	KGHSH	LQKENI
114	TRBV19*01	LNHDA	SQIVND
115	TRBV19*02	LNHDA	SHIVND
116	TRBV19*03	LNHDA	SHIVND
117	TRBV2*01	SNHLY	FYNNEI
118	TRBV2*02	SNHLY	FYNNEI
119	TRBV2*03	SNHLY	FYNNEI
120	TRBV20-1*01	DFQATT	SNEGSKA
121	TRBV20-1*02	DFQATT	SNEGSKA
122	TRBV20-1*03	DFQATT	SNEGCKA
123	TRBV20-1*04	DFQATT	SNEGSKA
124	TRBV20-1*05	DFQATT	SNEGSKA
125	TRBV20-1*06	DFQATT	SNEGSKA
126	TRBV20-1*07	DFQATT	SNEGSKA
127	TRBV20/OR9-2*01	DFQATT	SNEGSEV
128	TRBV20/OR9-2*02	DFQATT	SNEGSEV
129	TRBV20/OR9-2*03	DFQATT	SNEGSEV
130	TRBV23-1*01	KGHTF	FQNEQV
131	TRBV24-1*01	KGHDR	SFDVKD
132	TRBV24/OR9-2*01	KGHDR	SFDVKD
133	TRBV25-1*01	MGHDK	SYGVNS
134	TRBV27*01	MNHEY	SMNVEV
135	TRBV28*01	MDHEN	SYDVKM
136	TRBV29-1*01	SQVTM	ANQGSEA
137	TRBV29-1*02	SQVTM	ANQGSEA
138	TRBV29/OR9-2*01	SQVTM	ANQGSEA
139	TRBV29/OR9-2*02	SQVTM	ANQGSEA
140	TRBV3-1*01	LGHDT	YNNKEL
141	TRBV3-1*02	LGHDT	YNNKEI
142	TRBV3-2*03	LGHNA	YSNKEP
143	TRBV30*01	GTSNPN	SVGIG
144	TRBV30*02	GTSNPN	SVGIG
145	TRBV30*04	GTSNPN	SIGID
146	TRBV30*05	GTSNPN	SVGIG
147	TRBV4-1*01	MGHRA	YSYEKL
148	TRBV4-2*01	LGHNA	YNFKEQ
149	TRBV4-2*02	LGHNA	YNFKEQ
150	TRBV4-3*01	LGHNA	YSLEER
151	TRBV4-3*02	LGHNA	YSLEER
152	TRBV4-3*03	LGHNA	YSLEER
153	TRBV5-1*01	SGHRS	YFSETQ
154	TRBV5-1*02	SGHRS	YFSETQ
155	TRBV5-3*01	SGHSS	YANELR
156	TRBV5-3*02	SGHSS	YANELR
157	TRBV5-4*01	SGHNT	YYREEE
158	TRBV5-4*02	SGHNT	YYREEE
159	TRBV5-5*01	SGHKS	YYEKEE
160	TRBV5-5*02	SGHKS	YYEKEE
161	TRBV5-5*03	SEHKS	YYEKEE
162	TRBV5-6*01	SGHDT	YYEEEE
163	TRBV5-7*01	SGHTS	YYEKEE
164	TRBV5-8*01	SGHTS	YDEGEE
165	TRBV6-1*01	MNHNS	SASEGT
166	TRBV6-2*01	MNHEY	SVGEGT
167	TRBV6-3*01	MNHEY	SVGEGT
168	TRBV6-4*01	MRHNA	SNTAGT
169	TRBV6-4*02	MRHNA	SNTAGT
170	TRBV6-5*01	MNHEY	SVGAGI
171	TRBV6-6*01	MNHNY	SVGAGI
172	TRBV6-6*02	MNHNY	SVGAGI
173	TRBV6-6*03	MNHNY	SVGAGI
174	TRBV6-6*04	MNHEY	SVGAGI
175	TRBV6-6*05	MNHNY	SVGAGI
176	TRBV6-7*01	MNHEY	SVAAAL
177	TRBV6-8*01	MNHGY	SAAAGT
178	TRBV6-9*01	MNHGY	SVAAGI
179	TRBV7-1*01	SGHNA	FQGKDA
180	TRBV7-2*01	SGHTA	FQGNSA
181	TRBV7-2*02	SGHTA	FQGNSA
182	TRBV7-2*03	SGHTA	FQGNSA
183	TRBV7-2*04	SGHTA	FQGNSA
184	TRBV7-3*01	SGHTA	FQGTGA
185	TRBV7-3*02	SGHTA	FQGTGA
186	TRBV7-3*03	SGHTA	FQGTGA
187	TRBV7-3*04	SGHTA	FQGTGA
188	TRBV7-4*01	SGHVT	SQSDAQ
189	TRBV7-6*01	SGHVS	FNYEAQ
190	TRBV7-6*02	SGHVS	FNYEAQ
191	TRBV7-7*01	SSHAT	FNYEAQ
192	TRBV7-7*02	SSHVT	FNYEAQ
193	TRBV7-8*01	SGHVS	FQNEAQ
194	TRBV7-8*02	SGHVS	FQNEAQ
195	TRBV7-8*03	SGHVS	FQNEAQ
196	TRBV7-9*01	SEHNR	FQNEAQ
197	TRBV7-9*02	SEHNR	FQNEAQ
198	TRBV7-9*03	SEHNR	FQNEAQ
199	TRBV7-9*04	SEHNR	FQNEAQ
200	TRBV7-9*05	SEHNR	FQNEAQ
201	TRBV7-9*06	SEHNR	FQNEAQ
202	TRBV9*01	SGDLS	YYNGEE
203	TRBV9*02	SGDLS	YYNGEE
204	TRBV9*03	SGDLS	YYNGEE
205	TRDV1*01	TSWWSYY	QGS
206	TRDV2*01	GEAIGNYY	EKD
207	TRDV2*03	GEAIGNYY	EKD
208	TRDV3*01	TVYSNPD	GDNSR
209	TRDV3*02	TVYSNPD	GDNSR
210	TRGV1*01	GASTLY	YEPYYSRV
211	TRGV10*01	STRFETDV	IVSTKSAA
212	TRGV10*02	STRFETDV	IVSTKSAA
213	TRGV11*01	IQGFSSKI	VFLTISA
214	TRGV11*02	IQGFSSKI	VFLTISA
215	TRGV2*01	EGSNGY	YDSYNSKV
216	TRGV2*02	EGSNGY	YDSYNSKV
217	TRGV3*01	VTNTFY	YDVSTARD
218	TRGV3*02	VTNTFY	YDVSTARD
219	TRGV4*01	EGSTGY	YDSYTSSV
220	TRGV4*02	EGSTGY	YDSYTSSV
221	TRGV5*01	VINAFY	YDVSNSKD
222	TRGV8*01	VENAVY	YDSYNSRV
223	TRGV9*01	GITISATS	ISYDGTV
224	TRGV9*02	GIKISATS	ISYDGTV
